����,ȣ����,��ID,����ö��,���ӽ���,��������,���ӽ���,��������,�۾��Ͻ�
2019-01,1ȣ��,0150,���￪,"1,516,452","1,400,464","221,180","211,764",2019-02-03 10:31:44
2019-01,1ȣ��,0151,��û,"676,932","676,266","102,388","101,033",2019-02-03 10:31:44
2019-01,1ȣ��,0152,����,"1,240,810","1,177,643","162,410","152,062",2019-02-03 10:31:44
2019-01,1ȣ��,0153,����3��,"703,110","674,148","387,062","362,735",2019-02-03 10:31:44
2019-01,1ȣ��,0154,����5��,"571,824","583,955","275,447","263,687",2019-02-03 10:31:44
2019-01,1ȣ��,0155,���빮,"308,301","342,898","134,071","138,633",2019-02-03 10:31:44
2019-01,1ȣ��,0156,�ż���,"360,561","353,834","126,466","120,147",2019-02-03 10:31:44
2019-01,1ȣ��,0157,���⵿,"293,540","288,217","374,571","400,607",2019-02-03 10:31:44
2019-01,1ȣ��,0158,û����(����ø����Ա�),"463,456","482,960","352,121","357,571",2019-02-03 10:31:44
2019-01,1ȣ��,0159,������,"174,683","188,711","146,034","147,551",2019-02-03 10:31:44
2019-01,2ȣ��,0201,��û,"706,097","679,503","61,058","55,387",2019-02-03 10:31:44
2019-01,2ȣ��,0202,�������Ա�,"1,415,414","1,414,980","120,425","111,592",2019-02-03 10:31:44
2019-01,2ȣ��,0203,������3��,"608,979","601,323","91,668","91,016",2019-02-03 10:31:44
2019-01,2ȣ��,0204,������4��,"278,663","281,834","98,689","94,261",2019-02-03 10:31:44
2019-01,2ȣ��,0205,���빮���繮ȭ����,"470,548","540,467","58,918","62,861",2019-02-03 10:31:44
2019-01,2ȣ��,0206,�Ŵ�,"350,840","370,121","105,001","106,934",2019-02-03 10:31:44
2019-01,2ȣ��,0207,��սʸ�,"370,292","352,021","70,677","71,280",2019-02-03 10:31:44
2019-01,2ȣ��,0208,�սʸ�(������û),"525,543","439,506","61,311","52,124",2019-02-03 10:31:44
2019-01,2ȣ��,0209,�Ѿ��,"233,785","256,079","15,380","16,652",2019-02-03 10:31:44
2019-01,2ȣ��,0210,�Ҽ�,"474,396","505,844","62,356","63,026",2019-02-03 10:31:44
2019-01,2ȣ��,0211,����,"767,696","836,948","109,790","111,635",2019-02-03 10:31:44
2019-01,2ȣ��,0212,�Ǵ��Ա�,"1,238,362","1,367,192","96,044","100,954",2019-02-03 10:31:44
2019-01,2ȣ��,0213,����(������û),"640,208","617,578","110,505","111,865",2019-02-03 10:31:44
2019-01,2ȣ��,0214,����(�������͹̳�),"1,234,132","1,210,954","143,139","137,791",2019-02-03 10:31:44
2019-01,2ȣ��,0215,��ǳ���,"419,874","401,622","93,395","93,825",2019-02-03 10:31:44
2019-01,2ȣ��,0216,���(���ı�û),"2,416,810","2,311,873","209,079","198,791",2019-02-03 10:31:44
2019-01,2ȣ��,0217,��ǻ���,"653,006","666,914","115,042","113,965",2019-02-03 10:31:44
2019-01,2ȣ��,0218,���տ��,"249,732","274,799","46,155","48,143",2019-02-03 10:31:44
2019-01,2ȣ��,0219,�Ｚ(��������),"1,708,765","1,751,738","130,382","122,279",2019-02-03 10:31:44
2019-01,2ȣ��,0220,����,"1,512,507","1,330,307","231,177","202,344",2019-02-03 10:31:44
2019-01,2ȣ��,0221,����,"1,381,548","1,529,313","170,313","171,825",2019-02-03 10:31:44
2019-01,2ȣ��,0222,����,"3,153,418","3,210,437","186,486","167,666",2019-02-03 10:31:44
2019-01,2ȣ��,0223,����(����.����û),"946,530","1,067,419","169,873","189,952",2019-02-03 10:31:44
2019-01,2ȣ��,0224,����,"610,589","616,036","85,793","86,672",2019-02-03 10:31:44
2019-01,2ȣ��,0225,���,"484,175","495,686","82,941","81,796",2019-02-03 10:31:44
2019-01,2ȣ��,0226,���,"1,114,495","1,281,460","211,281","198,971",2019-02-03 10:31:44
2019-01,2ȣ��,0227,������,"795,786","764,958","116,511","117,808",2019-02-03 10:31:44
2019-01,2ȣ��,0228,������Ա�(���Ǳ�û),"1,424,677","1,391,043","211,560","201,922",2019-02-03 10:31:44
2019-01,2ȣ��,0229,��õ,"605,635","552,653","156,696","157,860",2019-02-03 10:31:44
2019-01,2ȣ��,0230,�Ÿ�,"1,928,249","1,883,865","249,174","254,427",2019-02-03 10:31:44
2019-01,2ȣ��,0231,�Ŵ��,"741,010","699,826","129,858","131,180",2019-02-03 10:31:44
2019-01,2ȣ��,0232,���ε����д���,"1,790,096","1,784,632","182,537","185,035",2019-02-03 10:31:44
2019-01,2ȣ��,0233,�븲(���α�û),"765,065","788,044","117,840","122,048",2019-02-03 10:31:44
2019-01,2ȣ��,0234,�ŵ���,"1,601,042","1,580,905","215,960","204,974",2019-02-03 10:31:44
2019-01,2ȣ��,0235,����,"533,563","541,539","86,593","85,835",2019-02-03 10:31:44
2019-01,2ȣ��,0236,��������û,"569,540","578,864","107,339","105,413",2019-02-03 10:31:44
2019-01,2ȣ��,0237,���,"593,074","651,170","67,769","73,323",2019-02-03 10:31:44
2019-01,2ȣ��,0238,����,"963,554","1,037,217","73,350","73,712",2019-02-03 10:31:44
2019-01,2ȣ��,0239,ȫ���Ա�,"2,351,935","2,507,561","114,832","111,488",2019-02-03 10:31:44
2019-01,2ȣ��,0240,����,"1,293,198","1,324,547","146,482","143,369",2019-02-03 10:31:44
2019-01,2ȣ��,0241,�̴�,"476,235","498,130","56,990","57,268",2019-02-03 10:31:44
2019-01,2ȣ��,0242,����,"249,121","237,525","65,983","65,834",2019-02-03 10:31:44
2019-01,2ȣ��,0243,������(�����Ա�),"283,094","302,304","52,048","51,604",2019-02-03 10:31:44
2019-01,2ȣ��,0244,���,"62,637","62,609","17,274","17,125",2019-02-03 10:31:44
2019-01,2ȣ��,0245,�Ŵ�,"38,031","42,538","10,674","11,506",2019-02-03 10:31:44
2019-01,2ȣ��,0246,�ż���,"100,784","96,388","39,618","41,247",2019-02-03 10:31:44
2019-01,2ȣ��,0247,����õ,"28,512","30,572","6,495","7,268",2019-02-03 10:31:44
2019-01,2ȣ��,0248,��õ��û,"164,311","174,273","45,637","46,805",2019-02-03 10:31:44
2019-01,2ȣ��,0249,�����װŸ�,"224,687","231,648","67,361","68,036",2019-02-03 10:31:44
2019-01,2ȣ��,0250,���(���빮��û),"48,254","49,405","25,872","27,089",2019-02-03 10:31:44
2019-01,3ȣ��,0309,����,"23,573","25,825","8,828","11,700",2019-02-03 10:31:44
2019-01,3ȣ��,0310,���Ĺ�,"514,949","475,587","102,695","95,809",2019-02-03 10:31:44
2019-01,3ȣ��,0311,���ų�,"998,373","946,477","275,949","268,661",2019-02-03 10:31:44
2019-01,3ȣ��,0312,�ұ�,"420,524","457,410","151,438","166,749",2019-02-03 10:31:44
2019-01,3ȣ��,0313,���,"339,600","289,711","67,841","65,985",2019-02-03 10:31:44
2019-01,3ȣ��,0314,ȫ��,"423,880","395,539","152,183","151,005",2019-02-03 10:31:44
2019-01,3ȣ��,0315,������,"87,734","87,462","30,692","32,301",2019-02-03 10:31:44
2019-01,3ȣ��,0316,������,"162,939","169,496","75,288","74,780",2019-02-03 10:31:44
2019-01,3ȣ��,0317,�溹��(���μ���û��),"632,058","647,453","91,432","84,303",2019-02-03 10:31:44
2019-01,3ȣ��,0318,�ȱ�,"602,643","623,450","91,847","96,600",2019-02-03 10:31:44
2019-01,3ȣ��,0319,����3��,"285,401","386,960","66,004","74,526",2019-02-03 10:31:44
2019-01,3ȣ��,0320,������3��,"267,923","291,747","63,164","61,895",2019-02-03 10:31:44
2019-01,3ȣ��,0321,�湫��,55,0,2,0,2019-02-03 10:31:44
2019-01,3ȣ��,0322,�����Ա�,"273,760","299,610","35,986","38,633",2019-02-03 10:31:44
2019-01,3ȣ��,0323,���,"347,979","337,106","88,077","84,353",2019-02-03 10:31:44
2019-01,3ȣ��,0324,��ȣ,"207,393","189,021","57,696","56,729",2019-02-03 10:31:44
2019-01,3ȣ��,0325,����,"237,529","247,315","59,129","59,822",2019-02-03 10:31:44
2019-01,3ȣ��,0326,�б���,"900,459","993,949","150,205","148,455",2019-02-03 10:31:44
2019-01,3ȣ��,0327,�Ż�,"969,740","1,044,254","76,590","73,692",2019-02-03 10:31:44
2019-01,3ȣ��,0328,���,"154,384","148,266","37,920","37,127",2019-02-03 10:31:44
2019-01,3ȣ��,0329,����͹̳�,"1,672,593","1,594,038","192,170","182,793",2019-02-03 10:31:44
2019-01,3ȣ��,0330,����(����.����û),"375,604","249,984","73,887","45,715",2019-02-03 10:31:44
2019-01,3ȣ��,0331,�����͹̳�(����������),"964,159","987,210","128,393","128,863",2019-02-03 10:31:44
2019-01,3ȣ��,0332,����(���ʱ�û),"1,082,067","1,167,403","170,638","171,222",2019-02-03 10:31:44
2019-01,3ȣ��,0333,�ź�,"293,172","281,731","60,062","55,114",2019-02-03 10:31:44
2019-01,3ȣ��,0334,����,"145,454","148,508","28,466","24,665",2019-02-03 10:31:44
2019-01,3ȣ��,0335,��ġ,"328,634","313,771","63,912","61,647",2019-02-03 10:31:44
2019-01,3ȣ��,0336,�п���,"58,420","59,233","18,531","17,919",2019-02-03 10:31:44
2019-01,3ȣ��,0337,��û,"243,544","217,014","54,187","52,060",2019-02-03 10:31:44
2019-01,3ȣ��,0338,�Ͽ�,"229,657","234,627","64,134","64,834",2019-02-03 10:31:44
2019-01,3ȣ��,0339,����,"455,919","453,416","104,207","101,676",2019-02-03 10:31:44
2019-01,3ȣ��,0340,��������,"234,180","226,833","78,795","77,067",2019-02-03 10:31:44
2019-01,3ȣ��,0341,��������,"198,576","197,570","43,877","44,845",2019-02-03 10:31:44
2019-01,3ȣ��,0342,����,"178,619","158,041","29,523","27,548",2019-02-03 10:31:44
2019-01,4ȣ��,0409,���,"290,085","266,616","93,657","92,102",2019-02-03 10:31:44
2019-01,4ȣ��,0410,���,"516,628","457,332","117,224","115,582",2019-02-03 10:31:44
2019-01,4ȣ��,0411,���,"578,020","669,142","94,962","93,019",2019-02-03 10:31:44
2019-01,4ȣ��,0412,â��,"674,935","718,930","202,889","209,219",2019-02-03 10:31:44
2019-01,4ȣ��,0413,�ֹ�,"831,100","723,822","172,066","167,596",2019-02-03 10:31:44
2019-01,4ȣ��,0414,����(���ϱ�û),"945,148","934,275","214,439","213,726",2019-02-03 10:31:44
2019-01,4ȣ��,0415,�̾�(������̹�����),"382,942","349,712","122,691","121,209",2019-02-03 10:31:44
2019-01,4ȣ��,0416,�̾ƻ�Ÿ�,"707,702","686,868","185,575","183,967",2019-02-03 10:31:44
2019-01,4ȣ��,0417,����,"547,211","514,959","125,391","126,604",2019-02-03 10:31:44
2019-01,4ȣ��,0418,���ſ����Ա�(����),"609,703","581,600","93,628","93,054",2019-02-03 10:31:44
2019-01,4ȣ��,0419,�Ѽ����Ա�(�Ｑ��),"375,205","359,881","77,755","77,186",2019-02-03 10:31:44
2019-01,4ȣ��,0420,��ȭ,"1,128,434","1,169,583","139,638","137,908",2019-02-03 10:31:44
2019-01,4ȣ��,0421,���빮,"591,297","606,127","150,149","140,211",2019-02-03 10:31:44
2019-01,4ȣ��,0422,���빮���繮ȭ����,"604,325","545,170","63,849","57,652",2019-02-03 10:31:44
2019-01,4ȣ��,0423,�湫��,"778,649","804,659","129,893","131,057",2019-02-03 10:31:44
2019-01,4ȣ��,0424,��,"1,013,193","1,090,078","74,354","76,387",2019-02-03 10:31:44
2019-01,4ȣ��,0425,ȸ��(���빮����),"705,485","758,424","198,383","197,336",2019-02-03 10:31:44
2019-01,4ȣ��,0426,���￪,"367,040","634,814","42,165","53,241",2019-02-03 10:31:44
2019-01,4ȣ��,0427,�����Ա�(����),"408,452","402,270","58,246","54,196",2019-02-03 10:31:44
2019-01,4ȣ��,0428,�ﰢ��,"123,852","147,453","28,013","29,833",2019-02-03 10:31:44
2019-01,4ȣ��,0429,�ſ��,"449,542","469,059","52,330","52,195",2019-02-03 10:31:44
2019-01,4ȣ��,0430,����(�����߾ӹڹ���),"240,562","263,802","48,131","51,639",2019-02-03 10:31:44
2019-01,4ȣ��,0431,����(�����),"48,849","52,497","18,799","19,144",2019-02-03 10:31:44
2019-01,4ȣ��,0432,�ѽŴ��Ա�(�̼�),"505,634","569,524","154,374","161,734",2019-02-03 10:31:44
2019-01,4ȣ��,0433,���,"797,948","668,979","96,377","98,957",2019-02-03 10:31:44
2019-01,4ȣ��,0434,���·�,"38,898","27,113","8,469","7,607",2019-02-03 10:31:44
2019-01,��μ�,1001,���￪,"178,223","29,980","10,325","1,612",2019-02-03 10:31:44
2019-01,��μ�,1002,����,"277,702","292,630","39,574","41,277",2019-02-03 10:31:44
2019-01,��μ�,1003,���,"1,117,965","1,137,861","130,281","129,064",2019-02-03 10:31:44
2019-01,��μ�,1004,�뷮��,"354,067","325,632","46,863","43,876",2019-02-03 10:31:44
2019-01,��μ�,1005,���,"375,785","377,701","71,034","70,986",2019-02-03 10:31:44
2019-01,��μ�,1006,������,"1,227,641","1,292,898","291,705","289,797",2019-02-03 10:31:44
2019-01,��μ�,1007,�ŵ���,"93,312","95,198","21,308","24,436",2019-02-03 10:31:44
2019-01,��μ�,1032,�ű�,"252,784","206,136","46,402","42,844",2019-02-03 10:31:44
2019-01,��μ�,1701,����,"530,917","553,635","98,540","95,357",2019-02-03 10:31:44
2019-01,��μ�,1702,��������д���,"470,248","552,752","31,014","33,827",2019-02-03 10:31:44
2019-01,��μ�,1703,��õ��û,"279,888","268,537","79,353","80,253",2019-02-03 10:31:44
2019-01,��μ�,1704,����,"287,434","251,734","48,593","46,324",2019-02-03 10:31:44
2019-01,��μ�,1705,����,"199,191","185,653","55,505","54,374",2019-02-03 10:31:44
2019-01,��μ�,1706,�Ⱦ�,"628,613","618,670","119,887","121,870",2019-02-03 10:31:44
2019-01,��μ�,1707,����,"241,180","240,142","43,655","43,885",2019-02-03 10:31:44
2019-01,��μ�,1708,����,"707,795","712,943","109,113","110,210",2019-02-03 10:31:44
2019-01,��μ�,1709,����,"188,981","185,580","34,841","33,522",2019-02-03 10:31:44
2019-01,��μ�,1710,�ǿ�,"227,093","220,280","38,975","39,248",2019-02-03 10:31:44
2019-01,��μ�,1711,���հ���,"409,799","397,352","54,424","54,532",2019-02-03 10:31:44
2019-01,��μ�,1712,ȭ��,"206,201","198,549","42,502","42,475",2019-02-03 10:31:44
2019-01,��μ�,1713,����,"1,149,442","1,218,291","147,589","155,225",2019-02-03 10:31:44
2019-01,��μ�,1714,����,"425,046","448,103","68,162","71,765",2019-02-03 10:31:44
2019-01,��μ�,1715,����,"95,555","90,492","18,211","18,161",2019-02-03 10:31:44
2019-01,��μ�,1716,����,"383,141","383,446","60,726","60,726",2019-02-03 10:31:44
2019-01,��μ�,1717,����,"74,316","66,566","14,617","13,612",2019-02-03 10:31:44
2019-01,��μ�,1718,�����,"71,667","66,774","13,425","12,941",2019-02-03 10:31:44
2019-01,��μ�,1719,����,"255,002","248,128","43,309","43,344",2019-02-03 10:31:44
2019-01,��μ�,1720,����,"40,682","34,644","7,636","7,285",2019-02-03 10:31:44
2019-01,��μ�,1721,��ź,"117,953","116,502","24,326","23,812",2019-02-03 10:31:44
2019-01,��μ�,1722,������,"110,688","111,264","24,237","23,587",2019-02-03 10:31:44
2019-01,��μ�,1723,����,"63,312","58,765","7,242","7,112",2019-02-03 10:31:44
2019-01,��μ�,1724,����,"320,815","315,485","67,892","66,292",2019-02-03 10:31:44
2019-01,��μ�,1725,��ȯ,"78,338","78,393","20,313","20,251",2019-02-03 10:31:44
2019-01,��μ�,1726,����,"20,397","21,029","5,366","5,284",2019-02-03 10:31:44
2019-01,��μ�,1727,����,"129,268","131,487","22,310","22,910",2019-02-03 10:31:44
2019-01,��μ�,1728,õ��,"130,002","128,484","55,877","55,197",2019-02-03 10:31:44
2019-01,��μ�,1729,����,"174,805","166,606","30,604","29,260",2019-02-03 10:31:44
2019-01,��μ�,1749,����ź,"42,902","36,644","10,134","9,282",2019-02-03 10:31:44
2019-01,��μ�,1750,����,"78,196","61,098","6,431","5,470",2019-02-03 10:31:44
2019-01,���μ�,1801,����,"567,257","567,401","160,030","166,520",2019-02-03 10:31:44
2019-01,���μ�,1802,������,"281,322","258,116","95,635","93,883",2019-02-03 10:31:44
2019-01,���μ�,1803,����,"750,795","725,247","152,804","154,853",2019-02-03 10:31:44
2019-01,���μ�,1804,��õ,"983,623","994,438","218,519","220,820",2019-02-03 10:31:44
2019-01,���μ�,1805,�۳�,"848,291","830,885","122,961","121,409",2019-02-03 10:31:44
2019-01,���μ�,1806,����,"1,013,723","1,108,119","149,188","152,451",2019-02-03 10:31:44
2019-01,���μ�,1807,���,"192,357","185,035","65,110","66,354",2019-02-03 10:31:44
2019-01,���μ�,1808,����,"444,540","440,339","102,095","102,926",2019-02-03 10:31:44
2019-01,���μ�,1809,�־�,"592,278","536,706","96,798","88,549",2019-02-03 10:31:44
2019-01,���μ�,1810,������,"253,761","235,858","60,147","60,088",2019-02-03 10:31:44
2019-01,���μ�,1811,����õ,"386,868","367,520","125,985","121,657",2019-02-03 10:31:44
2019-01,���μ�,1812,��õ,"83,933","62,133","31,716","29,348",2019-02-03 10:31:44
2019-01,���μ�,1813,����,"242,468","271,261","37,355","36,989",2019-02-03 10:31:44
2019-01,���μ�,1814,�һ�,"255,661","236,488","72,231","71,031",2019-02-03 10:31:44
2019-01,���μ�,1815,�ΰ�,"222,869","205,618","65,846","64,691",2019-02-03 10:31:44
2019-01,���μ�,1816,����,"152,262","143,703","45,549","44,132",2019-02-03 10:31:44
2019-01,���μ�,1817,����,"64,486","64,863","35,274","36,192",2019-02-03 10:31:44
2019-01,���μ�,1821,�¼�(����ȸ���Ա�),"157,853","154,281","47,094","45,877",2019-02-03 10:31:44
2019-01,���μ�,1822,�ߵ�,"231,711","212,763","69,190","68,129",2019-02-03 10:31:44
2019-01,���μ�,1823,��ȭ,"87,519","76,548","37,883","37,025",2019-02-03 10:31:44
2019-01,�����,1008,����(�����߾ӹڹ���),"102,572","76,092","29,477","23,974",2019-02-03 10:31:44
2019-01,�����,1009,������,"43,668","43,508","15,757","15,152",2019-02-03 10:31:44
2019-01,�����,1010,�ѳ�,"98,040","96,128","34,754","32,168",2019-02-03 10:31:44
2019-01,�����,1011,����,"1,445",788,121,91,2019-02-03 10:31:44
2019-01,�����,1012,����,"38,351","31,967","17,072","16,050",2019-02-03 10:31:44
2019-01,�����,1013,�սʸ�(������û),"422,894","480,774","62,879","67,011",2019-02-03 10:31:44
2019-01,�����,1014,û����(����ø����Ա�),"367,681","399,974","158,007","165,310",2019-02-03 10:31:44
2019-01,�����,1016,�ܴ��,"246,211","233,082","52,337","51,437",2019-02-03 10:31:44
2019-01,�����,1017,���̹�,"215,287","187,164","65,998","64,898",2019-02-03 10:31:44
2019-01,�����,1018,����,"229,136","257,645","64,959","69,124",2019-02-03 10:31:44
2019-01,�����,1019,�����,"205,537","192,338","53,320","53,257",2019-02-03 10:31:44
2019-01,�����,1020,����,"111,870","100,025","56,640","53,811",2019-02-03 10:31:44
2019-01,�����,1021,��õ,"109,676","88,711","39,218","35,962",2019-02-03 10:31:44
2019-01,�����,1022,â��,19,0,0,0,2019-02-03 10:31:44
2019-01,�����,1901,����,"197,239","188,478","109,242","107,190",2019-02-03 10:31:44
2019-01,�����,1902,����,"122,533","114,295","69,522","69,718",2019-02-03 10:31:44
2019-01,�����,1903,������,"163,088","83,849","92,078","71,779",2019-02-03 10:31:44
2019-01,�����,1904,������,"167,313","166,632","70,977","73,305",2019-02-03 10:31:44
2019-01,�����,1905,ȸ��,"249,439","235,179","144,082","145,171",2019-02-03 10:31:44
2019-01,�����,1906,������,"515,625","543,580","123,588","125,444",2019-02-03 10:31:44
2019-01,�����,1907,����,"152,256","140,676","58,533","56,804",2019-02-03 10:31:44
2019-01,�����,1908,���,"113,568","103,216","34,658","32,717",2019-02-03 10:31:44
2019-01,�����,1909,����,"209,812","185,253","55,754","53,508",2019-02-03 10:31:44
2019-01,�����,1910,����,"40,320","36,405","15,483","14,960",2019-02-03 10:31:44
2019-01,�����,1911,����,"148,065","142,591","34,959","35,462",2019-02-03 10:31:44
2019-01,�����,1912,����,"166,269","161,449","46,103","45,369",2019-02-03 10:31:44
2019-01,�����,1913,����õ�߾�,"70,022","65,811","43,089","43,205",2019-02-03 10:31:44
2019-01,�����,1914,����,"38,762","36,526","13,880","12,911",2019-02-03 10:31:44
2019-01,�����,1915,����õ,"43,099","50,274","20,108","25,594",2019-02-03 10:31:44
2019-01,�����,1916,�ҿ��,"48,337","37,020","62,372","54,630",2019-02-03 10:31:44
2019-01,�Ȼ꼱,1751,�꺻,"448,304","484,455","106,437","108,079",2019-02-03 10:31:44
2019-01,�Ȼ꼱,1752,��߹�,"111,880","96,430","24,935","23,395",2019-02-03 10:31:44
2019-01,�Ȼ꼱,1753,�ݿ�,"113,530","105,344","28,230","27,928",2019-02-03 10:31:44
2019-01,�Ȼ꼱,1754,��ϼ�,"510,513","495,290","84,450","85,664",2019-02-03 10:31:44
2019-01,�Ȼ꼱,1755,�Ѵ��,"216,583","210,888","37,547","37,770",2019-02-03 10:31:44
2019-01,�Ȼ꼱,1756,�߾�,"480,226","511,117","57,930","56,256",2019-02-03 10:31:44
2019-01,�Ȼ꼱,1757,����,"225,464","216,806","32,769","31,721",2019-02-03 10:31:44
2019-01,�Ȼ꼱,1758,����,"88,817","86,237","12,651","13,039",2019-02-03 10:31:44
2019-01,�Ȼ꼱,1759,�Ȼ�,"410,566","371,622","38,369","35,947",2019-02-03 10:31:44
2019-01,�Ȼ꼱,1760,�ű��õ,"42,401","37,258","8,165","7,822",2019-02-03 10:31:44
2019-01,�Ȼ꼱,1761,����,"211,750","228,532","23,897","25,505",2019-02-03 10:31:44
2019-01,�Ȼ꼱,1762,���̵�,"256,207","244,259","36,209","35,361",2019-02-03 10:31:44
2019-01,�Ȼ꼱,1763,������,"98,889","73,299","32,076","29,771",2019-02-03 10:31:44
2019-01,��õ��,1450,������,"249,683","195,677","31,393","30,069",2019-02-03 10:31:44
2019-01,��õ��,1451,�渶����,"135,284","138,630","60,965","60,991",2019-02-03 10:31:44
2019-01,��õ��,1452,�����,"59,162","62,171","31,234","33,183",2019-02-03 10:31:44
2019-01,��õ��,1453,��õ,"120,456","103,727","34,320","32,896",2019-02-03 10:31:44
2019-01,��õ��,1454,���ΰ�õû��,"308,487","301,902","66,282","63,635",2019-02-03 10:31:44
2019-01,��õ��,1455,�δ���,"680,720","676,281","106,311","110,092",2019-02-03 10:31:44
2019-01,��õ��,1456,����,"464,834","457,435","66,101","66,163",2019-02-03 10:31:44
2019-01,��õ��,1457,����,"790,403","769,393","109,095","106,063",2019-02-03 10:31:44
2019-01,�д缱,1023,����,"278,427","500,378","34,768","51,679",2019-02-03 10:31:44
2019-01,�д缱,1024,��Ƽ,"396,374","413,225","69,706","70,771",2019-02-03 10:31:44
2019-01,�д缱,1025,����,"155,781","155,154","42,063","42,070",2019-02-03 10:31:44
2019-01,�д缱,1026,����,"30,857","30,299","12,434","12,239",2019-02-03 10:31:44
2019-01,�д缱,1027,������,"76,658","78,688","21,538","22,152",2019-02-03 10:31:44
2019-01,�д缱,1028,�����Ա�,"68,346","61,760","29,234","28,706",2019-02-03 10:31:44
2019-01,�д缱,1030,����,"379,294","382,530","65,134","66,861",2019-02-03 10:31:44
2019-01,�д缱,1031,����,25,0,0,0,2019-02-03 10:31:44
2019-01,�д缱,1846,����,"249,890","169,909","27,800","17,215",2019-02-03 10:31:44
2019-01,�д缱,1847,���｣,"207,076","207,131","22,533","21,791",2019-02-03 10:31:44
2019-01,�д缱,1848,�б����ε���,"451,755","516,671","42,330","41,182",2019-02-03 10:31:44
2019-01,�д缱,1849,������û,"241,666","281,747","41,928","45,124",2019-02-03 10:31:44
2019-01,�д缱,1850,������,"203,804","224,793","32,804","32,257",2019-02-03 10:31:44
2019-01,�д缱,1851,��õ��,"186,832","216,023","27,334","28,811",2019-02-03 10:31:44
2019-01,�д缱,1852,����,"352,629","338,209","91,732","95,998",2019-02-03 10:31:44
2019-01,�д缱,1853,���,"540,743","531,985","169,136","185,734",2019-02-03 10:31:44
2019-01,�д缱,1854,��ž,"730,803","769,807","172,832","170,673",2019-02-03 10:31:44
2019-01,�д缱,1855,����,"759,497","773,561","137,206","134,207",2019-02-03 10:31:44
2019-01,�д缱,1856,����,"364,964","360,114","82,906","82,092",2019-02-03 10:31:44
2019-01,�д缱,1857,����,"451,669","484,328","76,882","77,577",2019-02-03 10:31:44
2019-01,�д缱,1858,�̱�,"422,530","446,971","113,374","122,794",2019-02-03 10:31:44
2019-01,�д缱,1859,����,"319,097","270,314","84,995","72,171",2019-02-03 10:31:44
2019-01,�д缱,1860,�̸�,"141,591","135,340","42,041","41,000",2019-02-03 10:31:44
2019-01,�д缱,1861,����,"57,611","45,834","24,755","23,232",2019-02-03 10:31:44
2019-01,�д缱,1862,����,"377,195","428,482","80,001","88,064",2019-02-03 10:31:44
2019-01,�д缱,1863,����,"111,594","112,048","38,488","38,862",2019-02-03 10:31:44
2019-01,�д缱,1864,�Ű�,"115,462","110,544","34,087","33,729",2019-02-03 10:31:44
2019-01,�д缱,1865,����,"259,142","246,816","42,350","41,874",2019-02-03 10:31:44
2019-01,�д缱,1866,��,"141,070","132,410","33,606","31,461",2019-02-03 10:31:44
2019-01,�д缱,1867,û��,"114,105","104,334","18,842","19,140",2019-02-03 10:31:44
2019-01,�д缱,1868,����,"254,011","260,149","31,617","31,676",2019-02-03 10:31:44
2019-01,�д缱,1869,����,"390,803","361,759","34,846","33,268",2019-02-03 10:31:44
2019-01,�д缱,1870,��ź�Ǽ�,"122,476","114,975","16,517","15,976",2019-02-03 10:31:44
2019-01,�д缱,1871,������û,"339,525","385,826","38,330","39,329",2019-02-03 10:31:44
2019-01,�д缱,1872,�ű�,"54,412","53,571","17,447","17,541",2019-02-03 10:31:44
2019-01,�ϻ꼱,1948,����,"222,464","197,811","44,512","42,321",2019-02-03 10:31:44
2019-01,�ϻ꼱,1949,����,2,0,0,0,2019-02-03 10:31:44
2019-01,�ϻ꼱,1950,���,"407,823","384,125","87,401","86,745",2019-02-03 10:31:44
2019-01,�ϻ꼱,1951,����,"275,272","260,445","82,585","82,374",2019-02-03 10:31:44
2019-01,�ϻ꼱,1952,ȭ��,"462,731","474,664","130,390","129,775",2019-02-03 10:31:44
2019-01,�ϻ꼱,1953,���,"40,040","28,528","9,210","8,295",2019-02-03 10:31:44
2019-01,�ϻ꼱,1954,�鼮,"277,088","277,139","80,740","78,852",2019-02-03 10:31:44
2019-01,�ϻ꼱,1955,����,"179,985","186,549","77,167","79,437",2019-02-03 10:31:44
2019-01,�ϻ꼱,1956,���߻�,"208,869","225,720","56,527","52,936",2019-02-03 10:31:44
2019-01,�ϻ꼱,1957,�ֿ�,"200,870","202,482","98,914","103,338",2019-02-03 10:31:44
2019-01,�ϻ꼱,1958,��ȭ,"352,572","271,133","89,650","80,896",2019-02-03 10:31:44
2019-01,�߾Ӽ�,1015,ȸ��,"684,067","666,710","129,129","128,734",2019-02-03 10:31:44
2019-01,�߾Ӽ�,1201,�߶�,"122,101","115,472","51,649","50,612",2019-02-03 10:31:44
2019-01,�߾Ӽ�,1202,���(�ÿܹ����͹̳�),"143,000","137,073","39,237","36,867",2019-02-03 10:31:44
2019-01,�߾Ӽ�,1203,����,"172,521","167,062","69,556","70,878",2019-02-03 10:31:44
2019-01,�߾Ӽ�,1204,���,"28,772","29,685","15,782","15,786",2019-02-03 10:31:44
2019-01,�߾Ӽ�,1205,����,"347,058","357,649","87,719","89,160",2019-02-03 10:31:44
2019-01,�߾Ӽ�,1206,����,"216,211","187,739","58,716","55,895",2019-02-03 10:31:44
2019-01,�߾Ӽ�,1207,����,"18,096","14,747","6,967","5,937",2019-02-03 10:31:44
2019-01,�߾Ӽ�,1208,����,"139,275","135,740","50,107","50,007",2019-02-03 10:31:44
2019-01,�߾Ӽ�,1209,����,"58,817","44,680","20,003","18,908",2019-02-03 10:31:44
2019-01,�߾Ӽ�,1210,�ȴ�,"19,184","19,206","6,176","5,803",2019-02-03 10:31:44
2019-01,�߾Ӽ�,1211,����,"14,701","13,007","5,812","5,749",2019-02-03 10:31:44
2019-01,�߾Ӽ�,1212,���,"38,629","38,962","16,598","16,754",2019-02-03 10:31:44
2019-01,�߾Ӽ�,1213,�ſ�,"3,187","2,825","2,438","2,179",2019-02-03 10:31:44
2019-01,�߾Ӽ�,1214,����,"14,325","13,917","8,576","8,544",2019-02-03 10:31:44
2019-01,�߾Ӽ�,1215,�ƽ�,"12,518","12,536","5,118","5,017",2019-02-03 10:31:44
2019-01,�߾Ӽ�,1216,����,"5,489","5,252","3,794","3,829",2019-02-03 10:31:44
2019-01,�߾Ӽ�,1217,����,"68,513","69,220","32,615","32,589",2019-02-03 10:31:44
2019-01,�߾Ӽ�,1218,����,"6,045","5,796","5,061","4,933",2019-02-03 10:31:44
2019-01,�߾Ӽ�,1219,�빮,"36,259","36,316","34,572","34,257",2019-02-03 10:31:44
2019-01,�߾Ӽ�,1220,����,615,566,501,479,2019-02-03 10:31:44
2019-01,���׼�,1401,����,"25,197","24,703","13,835","13,382",2019-02-03 10:31:44
2019-01,���׼�,1402,�ֿ�(���緿��),"48,606","44,773","14,666","13,807",2019-02-03 10:31:44
2019-01,���׼�,1403,�ƻ�,"73,834","65,751","10,005","9,277",2019-02-03 10:31:44
2019-01,���׼�,1405,���,"22,947","21,645","8,139","8,021",2019-02-03 10:31:44
2019-01,���׼�,1407,�¾��õ,"84,623","85,690","73,363","73,626",2019-02-03 10:31:44
2019-01,���׼�,1408,��â(��õ���),"27,393","26,879","7,314","6,964",2019-02-03 10:31:44
2019-01,���Ǽ�,1251,���￪,"94,475","118,708","12,831","16,661",2019-02-03 10:31:44
2019-01,���Ǽ�,1252,����,"21,246","28,103","3,191","3,903",2019-02-03 10:31:44
2019-01,���Ǽ�,1261,ȿâ������,"64,044","69,279","13,047","14,475",2019-02-03 10:31:44
2019-01,���Ǽ�,1262,����,"97,249","79,394","12,603","11,922",2019-02-03 10:31:44
2019-01,���Ǽ�,1263,������,"54,116","53,339","9,629","8,898",2019-02-03 10:31:44
2019-01,���Ǽ�,1264,ȫ���Ա�,"51,771","64,757","5,906","6,468",2019-02-03 10:31:44
2019-01,���Ǽ�,1265,����,"109,237","97,211","47,219","47,573",2019-02-03 10:31:44
2019-01,���Ǽ�,1266,�����й̵���Ƽ,"51,241","48,032","8,623","8,640",2019-02-03 10:31:44
2019-01,���Ǽ�,1267,����,"53,120","54,293","15,180","15,169",2019-02-03 10:31:44
2019-01,���Ǽ�,1268,ȭ��,"42,874","39,439","8,114","8,020",2019-02-03 10:31:44
2019-01,���Ǽ�,1269,����,"68,817","55,740","16,219","15,458",2019-02-03 10:31:44
2019-01,���Ǽ�,1270,���,"199,484","191,845","35,522","35,886",2019-02-03 10:31:44
2019-01,���Ǽ�,1271,�ɰ�,"82,285","73,147","28,701","27,790",2019-02-03 10:31:44
2019-01,���Ǽ�,1272,���,"11,758","11,719","4,209","4,073",2019-02-03 10:31:44
2019-01,���Ǽ�,1273,�鸶,"171,339","157,674","31,842","31,126",2019-02-03 10:31:44
2019-01,���Ǽ�,1274,ǳ��,"131,192","119,253","30,873","30,730",2019-02-03 10:31:44
2019-01,���Ǽ�,1275,�ϻ�,"218,799","212,721","56,204","56,786",2019-02-03 10:31:44
2019-01,���Ǽ�,1276,ź��,"194,496","187,025","36,597","36,267",2019-02-03 10:31:44
2019-01,���Ǽ�,1277,�ߴ�,"123,062","115,251","26,760","26,021",2019-02-03 10:31:44
2019-01,���Ǽ�,1278,����,"141,244","130,069","32,911","31,481",2019-02-03 10:31:44
2019-01,���Ǽ�,1279,�ݸ�,"114,351","112,078","23,783","23,617",2019-02-03 10:31:44
2019-01,���Ǽ�,1280,����,"169,243","166,186","44,895","45,722",2019-02-03 10:31:44
2019-01,���Ǽ�,1282,����,"61,746","55,813","7,194","8,019",2019-02-03 10:31:44
2019-01,���Ǽ�,1283,����,"29,543","20,352","7,325","5,784",2019-02-03 10:31:44
2019-01,���Ǽ�,1284,����,"138,756","135,982","42,569","42,177",2019-02-03 10:31:44
2019-01,���Ǽ�,1291,���￪,11,0,0,0,2019-02-03 10:31:44
2019-01,���Ǽ�,1293,ȫ���Ա�,2,0,0,0,2019-02-03 10:31:44
2019-01,���Ǽ�,1295,��������,10,0,0,0,2019-02-03 10:31:44
2019-01,���Ǽ�,1296,���,7,0,0,0,2019-02-03 10:31:44
2019-01,���Ǽ�,1297,�˾�,5,0,0,0,2019-02-03 10:31:44
2019-01,���ἱ,1311,�ų�,"13,900","14,886","6,998","6,745",2019-02-03 10:31:44
2019-01,���ἱ,1312,����,"63,226","54,339","16,415","15,231",2019-02-03 10:31:44
2019-01,���ἱ,1313,����,"56,467","55,160","17,701","16,543",2019-02-03 10:31:44
2019-01,���ἱ,1314,����,"80,984","73,242","25,996","24,471",2019-02-03 10:31:44
2019-01,���ἱ,1315,�縪,"82,111","77,969","18,861","18,487",2019-02-03 10:31:44
2019-01,���ἱ,1316,�ݰ�,"29,582","28,461","15,558","14,369",2019-02-03 10:31:44
2019-01,���ἱ,1317,��ȣ��,"131,330","128,279","41,797","39,593",2019-02-03 10:31:44
2019-01,���ἱ,1318,õ����,"29,047","24,827","16,520","16,454",2019-02-03 10:31:44
2019-01,���ἱ,1319,����,"76,587","76,036","32,473","32,259",2019-02-03 10:31:44
2019-01,���ἱ,1320,�뼺��,"13,377","12,880","4,473","4,005",2019-02-03 10:31:44
2019-01,���ἱ,1321,û��,"45,320","41,255","15,084","14,790",2019-02-03 10:31:44
2019-01,���ἱ,1322,��õ,"5,205","4,423","3,812","3,739",2019-02-03 10:31:44
2019-01,���ἱ,1323,����,"43,342","45,953","12,227","11,760",2019-02-03 10:31:44
2019-01,���ἱ,1324,������,"3,123","3,071","1,501","1,534",2019-02-03 10:31:44
2019-01,���ἱ,1325,��縮,"8,614","8,259",720,766,2019-02-03 10:31:44
2019-01,���ἱ,1326,����,"9,716","8,853","3,707","3,635",2019-02-03 10:31:44
2019-01,���ἱ,1327,������,"7,769","8,199","2,731","2,742",2019-02-03 10:31:44
2019-01,���ἱ,1328,����õ,"58,343","60,051","24,195","25,346",2019-02-03 10:31:44
2019-01,���ἱ,1329,��õ,"33,885","29,626","17,392","14,323",2019-02-03 10:31:44
2019-01,���μ�,1878,�޿�,"1,038",747,865,431,2019-02-03 10:31:44
2019-01,���μ�,1879,����,"59,105","55,042","13,378","13,156",2019-02-03 10:31:44
2019-01,���μ�,1880,�ҷ�����,"97,856","90,366","38,607","37,484",2019-02-03 10:31:44
2019-01,���μ�,1881,��õ����,"149,882","156,861","34,100","33,963",2019-02-03 10:31:44
2019-01,���μ�,1882,ȣ����,"90,870","90,716","18,151","17,957",2019-02-03 10:31:44
2019-01,���μ�,1883,�����δ�����ũ,"54,317","60,283","5,948","5,811",2019-02-03 10:31:44
2019-01,���μ�,1884,������,"109,977","111,720","27,923","28,306",2019-02-03 10:31:44
2019-01,���μ�,1885,����,"126,045","126,660","29,483","29,338",2019-02-03 10:31:44
2019-01,���μ�,1886,�۵�,"64,785","59,378","22,506","22,191",2019-02-03 10:31:44
2019-01,���μ�,1888,���ϴ�,"134,223","125,177","23,818","22,629",2019-02-03 10:31:44
2019-01,���μ�,1889,����,"82,885","76,089","28,383","27,531",2019-02-03 10:31:44
2019-01,���μ�,1890,����,"43,861","45,326","12,921","13,331",2019-02-03 10:31:44
2019-01,���μ�,1891,��õ,"20,868","40,378","11,458","14,049",2019-02-03 10:31:44
2019-01,�氭��,1501,�Ǳ�,"107,396","108,340","12,114","10,040",2019-02-03 10:31:44
2019-01,�氭��,1502,�̸�,"28,715","23,087","6,985","5,585",2019-02-03 10:31:44
2019-01,�氭��,1503,�ﵿ,"53,152","44,616","9,321","9,192",2019-02-03 10:31:44
2019-01,�氭��,1504,��Ɽ��,"176,154","164,708","25,708","26,256",2019-02-03 10:31:44
2019-01,�氭��,1505,�ʿ�,"66,411","62,995","11,406","11,479",2019-02-03 10:31:44
2019-01,�氭��,1506,������,"49,314","47,245","11,014","10,654",2019-02-03 10:31:44
2019-01,�氭��,1507,�ŵе�����,"27,790","25,181","5,470","5,173",2019-02-03 10:31:44
2019-01,�氭��,1508,��õ,"64,628","67,915","12,433","13,231",2019-02-03 10:31:44
2019-01,�氭��,1509,�ι�,"45,186","42,466","6,157","5,974",2019-02-03 10:31:44
2019-01,�氭��,1510,������ո�,"5,423","5,391","2,781","2,686",2019-02-03 10:31:44
2019-01,�氭��,1511,����,"43,963","42,968","13,529","13,267",2019-02-03 10:31:44
2019-01,5ȣ��,2511,��ȭ,"171,979","160,910","48,362","46,312",2019-02-03 10:31:44
2019-01,5ȣ��,2512,��ȭ��,"147,874","139,989","35,495","33,823",2019-02-03 10:31:44
2019-01,5ȣ��,2513,��������,"216,911","182,963","30,949","30,878",2019-02-03 10:31:44
2019-01,5ȣ��,2514,����,"216,201","205,432","60,599","60,431",2019-02-03 10:31:44
2019-01,5ȣ��,2515,����,"176,763","159,755","26,922","25,724",2019-02-03 10:31:44
2019-01,5ȣ��,2516,�߻�,"448,838","457,389","72,839","70,273",2019-02-03 10:31:44
2019-01,5ȣ��,2517,�����,"380,499","373,682","87,503","90,995",2019-02-03 10:31:44
2019-01,5ȣ��,2518,ȭ��,"764,917","704,486","146,048","140,077",2019-02-03 10:31:44
2019-01,5ȣ��,2519,��ġ��,"769,021","724,296","158,304","159,488",2019-02-03 10:31:44
2019-01,5ȣ��,2520,����(������),"373,681","290,837","61,645","60,011",2019-02-03 10:31:44
2019-01,5ȣ��,2521,��,"468,654","506,184","88,507","89,947",2019-02-03 10:31:44
2019-01,5ȣ��,2522,����(�񵿿���),"666,082","722,651","86,962","86,033",2019-02-03 10:31:44
2019-01,5ȣ��,2523,����,"177,617","176,162","28,711","28,330",2019-02-03 10:31:44
2019-01,5ȣ��,2524,��������û,"88,181","92,186","20,672","20,358",2019-02-03 10:31:44
2019-01,5ȣ��,2525,����������,"221,814","238,594","81,767","83,945",2019-02-03 10:31:44
2019-01,5ȣ��,2526,�ű�,"89,495","103,940","11,733","12,869",2019-02-03 10:31:44
2019-01,5ȣ��,2527,���ǵ�,"683,494","729,474","52,715","51,298",2019-02-03 10:31:44
2019-01,5ȣ��,2528,���ǳ���,"193,422","203,267","24,966","23,992",2019-02-03 10:31:44
2019-01,5ȣ��,2529,����,"372,675","386,467","65,600","65,229",2019-02-03 10:31:44
2019-01,5ȣ��,2530,����,"378,952","409,930","46,749","44,068",2019-02-03 10:31:44
2019-01,5ȣ��,2531,�ֿ���,"179,895","183,018","40,186","39,053",2019-02-03 10:31:44
2019-01,5ȣ��,2532,������(�����Ա�),"117,489","117,469","15,945","16,796",2019-02-03 10:31:44
2019-01,5ȣ��,2533,���빮,"449,372","467,665","74,055","71,241",2019-02-03 10:31:44
2019-01,5ȣ��,2534,��ȭ��(������ȭȸ��),"1,022,109","1,062,447","87,987","81,909",2019-02-03 10:31:44
2019-01,5ȣ��,2535,����3��,"441,289","409,078","122,897","128,616",2019-02-03 10:31:44
2019-01,5ȣ��,2536,������4��,"113,913","131,046","45,925","46,569",2019-02-03 10:31:44
2019-01,5ȣ��,2537,���빮���繮ȭ����,"77,768","90,305","8,975","9,733",2019-02-03 10:31:44
2019-01,5ȣ��,2538,û��,"97,714","92,167","28,002","21,303",2019-02-03 10:31:44
2019-01,5ȣ��,2539,�ű�ȣ,"157,349","154,501","38,695","42,963",2019-02-03 10:31:44
2019-01,5ȣ��,2540,���,"212,258","185,808","49,484","45,339",2019-02-03 10:31:44
2019-01,5ȣ��,2541,�սʸ�(������û),"131,362","157,349","27,177","26,204",2019-02-03 10:31:44
2019-01,5ȣ��,2542,����,"143,267","134,912","49,634","48,537",2019-02-03 10:31:44
2019-01,5ȣ��,2543,��ʸ�,"413,270","373,975","86,799","84,604",2019-02-03 10:31:44
2019-01,5ȣ��,2544,������,"469,205","465,274","97,119","98,163",2019-02-03 10:31:44
2019-01,5ȣ��,2545,����(�ɵ�),"295,969","330,997","40,193","43,687",2019-02-03 10:31:44
2019-01,5ȣ��,2546,������(��̴�����Ĺ�),"346,110","335,278","95,520","92,686",2019-02-03 10:31:44
2019-01,5ȣ��,2547,������(��Ŵ�),"366,611","328,766","68,102","66,033",2019-02-03 10:31:44
2019-01,5ȣ��,2548,õȣ(ǳ���伺),"484,232","496,590","140,935","149,958",2019-02-03 10:31:44
2019-01,5ȣ��,2549,����,"502,069","433,173","104,126","94,346",2019-02-03 10:31:44
2019-01,5ȣ��,2550,�浿,"165,882","175,877","66,177","67,974",2019-02-03 10:31:44
2019-01,5ȣ��,2551,�����ٸ�(��������ȸ����),"233,202","221,182","66,208","61,275",2019-02-03 10:31:44
2019-01,5ȣ��,2552,����,"186,301","194,472","60,969","63,838",2019-02-03 10:31:44
2019-01,5ȣ��,2553,���,"221,638","215,230","65,089","63,403",2019-02-03 10:31:44
2019-01,5ȣ��,2554,���ϵ�,"318,982","262,373","65,253","61,805",2019-02-03 10:31:44
2019-01,5ȣ��,2555,���̵�,"209,380","215,358","61,708","63,195",2019-02-03 10:31:44
2019-01,5ȣ��,2556,�ø��Ȱ���(�ѱ�ü��),"111,922","104,819","30,864","28,555",2019-02-03 10:31:44
2019-01,5ȣ��,2557,����,"185,340","190,186","46,436","46,038",2019-02-03 10:31:44
2019-01,5ȣ��,2558,����,"90,009","89,326","18,685","18,267",2019-02-03 10:31:44
2019-01,5ȣ��,2559,����,"161,324","165,432","46,963","47,841",2019-02-03 10:31:44
2019-01,5ȣ��,2560,�ſ�,"170,625","158,520","56,371","55,024",2019-02-03 10:31:44
2019-01,5ȣ��,2561,��õ,"109,860","107,635","49,789","52,202",2019-02-03 10:31:44
2019-01,6ȣ��,2611,����,"432,574","426,356","116,207","115,202",2019-02-03 10:31:44
2019-01,6ȣ��,2612,����,"86,735","107,201","36,031","34,774",2019-02-03 10:31:44
2019-01,6ȣ��,2613,�ұ�,"123,414","123,733","42,571","34,561",2019-02-03 10:31:44
2019-01,6ȣ��,2614,������,"67,135","68,946","21,527","25,819",2019-02-03 10:31:44
2019-01,6ȣ��,2615,���ų�,25,0,2,0,2019-02-03 10:31:44
2019-01,6ȣ��,2616,����,"183,515","124,393","55,766","54,438",2019-02-03 10:31:44
2019-01,6ȣ��,2617,����(�Ż�),"309,167","290,669","87,089","88,281",2019-02-03 10:31:44
2019-01,6ȣ��,2618,����(�������),"242,882","227,254","71,063","71,069",2019-02-03 10:31:44
2019-01,6ȣ��,2619,�����й̵���Ƽ,"348,858","385,939","53,858","53,860",2019-02-03 10:31:44
2019-01,6ȣ��,2620,�����Ű����(����),"111,535","120,983","46,349","46,460",2019-02-03 10:31:44
2019-01,6ȣ��,2621,������û,"363,189","322,426","82,469","75,604",2019-02-03 10:31:44
2019-01,6ȣ��,2622,����,"353,805","385,868","85,752","90,169",2019-02-03 10:31:44
2019-01,6ȣ��,2623,����,"436,483","386,049","42,570","37,588",2019-02-03 10:31:44
2019-01,6ȣ��,2624,���,"291,531","335,798","23,172","23,503",2019-02-03 10:31:44
2019-01,6ȣ��,2625,����â(����),"232,495","225,081","57,776","56,950",2019-02-03 10:31:44
2019-01,6ȣ��,2626,����(�������),"209,511","220,277","48,004","47,678",2019-02-03 10:31:44
2019-01,6ȣ��,2627,����,"489,399","482,818","76,137","71,833",2019-02-03 10:31:44
2019-01,6ȣ��,2628,ȿâ������,"175,640","160,486","40,637","38,227",2019-02-03 10:31:44
2019-01,6ȣ��,2629,�ﰢ��,"184,221","152,208","18,108","14,570",2019-02-03 10:31:44
2019-01,6ȣ��,2630,�����(��걸û),"157,383","165,381","19,494","18,782",2019-02-03 10:31:44
2019-01,6ȣ��,2631,���¿�,"448,763","498,553","34,989","36,760",2019-02-03 10:31:44
2019-01,6ȣ��,2632,�Ѱ���,"243,064","281,963","15,723","15,679",2019-02-03 10:31:44
2019-01,6ȣ��,2633,��Ƽ��,"57,730","51,894","15,137","17,314",2019-02-03 10:31:44
2019-01,6ȣ��,2634,���,"93,236","95,145","25,775","24,240",2019-02-03 10:31:44
2019-01,6ȣ��,2635,û��,"94,594","98,991","19,175","24,116",2019-02-03 10:31:44
2019-01,6ȣ��,2636,�Ŵ�,"232,009","238,760","41,243","39,818",2019-02-03 10:31:44
2019-01,6ȣ��,2637,������,"214,228","225,214","70,909","64,736",2019-02-03 10:31:44
2019-01,6ȣ��,2638,â��,"89,098","69,059","18,861","17,698",2019-02-03 10:31:44
2019-01,6ȣ��,2639,����,"194,680","175,465","33,715","32,423",2019-02-03 10:31:44
2019-01,6ȣ��,2640,�Ⱦ�(��뺴����),"317,118","317,938","37,134","35,107",2019-02-03 10:31:44
2019-01,6ȣ��,2641,�����(����),"232,126","221,839","35,457","35,372",2019-02-03 10:31:44
2019-01,6ȣ��,2642,����(��������),"293,000","280,282","81,768","80,883",2019-02-03 10:31:44
2019-01,6ȣ��,2643,�����(�ѱ����б��������),"146,489","128,535","42,556","41,455",2019-02-03 10:31:44
2019-01,6ȣ��,2644,������,"193,137","179,733","59,198","59,109",2019-02-03 10:31:44
2019-01,6ȣ��,2645,����,"315,137","318,909","78,340","79,194",2019-02-03 10:31:44
2019-01,6ȣ��,2646,�¸��Ա�,"136,700","154,325","29,525","30,899",2019-02-03 10:31:44
2019-01,6ȣ��,2647,ȭ����(���￩���Ա�),"322,367","242,084","47,593","42,333",2019-02-03 10:31:44
2019-01,6ȣ��,2648,��ȭ��(�����Ƿ��),"250,098","223,017","54,586","52,951",2019-02-03 10:31:44
2019-01,7ȣ��,2711,���,"61,254","21,459","7,103","4,372",2019-02-03 10:31:44
2019-01,7ȣ��,2712,������,"229,794","268,815","38,236","55,905",2019-02-03 10:31:44
2019-01,7ȣ��,2713,������,"324,221","313,250","88,802","88,833",2019-02-03 10:31:44
2019-01,7ȣ��,2714,����,"287,854","264,283","79,579","79,420",2019-02-03 10:31:44
2019-01,7ȣ��,2715,���,"536,292","575,598","122,516","121,965",2019-02-03 10:31:44
2019-01,7ȣ��,2716,�߰�,"378,203","341,527","95,196","92,966",2019-02-03 10:31:44
2019-01,7ȣ��,2717,�ϰ�,"477,632","447,057","109,895","104,934",2019-02-03 10:31:44
2019-01,7ȣ��,2718,����(������б����),"304,216","303,167","69,246","69,926",2019-02-03 10:31:44
2019-01,7ȣ��,2719,�¸��Ա�,"213,689","195,986","40,450","38,134",2019-02-03 10:31:44
2019-01,7ȣ��,2720,�԰�,"267,295","257,794","64,030","64,624",2019-02-03 10:31:44
2019-01,7ȣ��,2721,��ȭ,"288,775","276,940","64,937","64,815",2019-02-03 10:31:44
2019-01,7ȣ��,2722,���(�ÿܹ����͹̳�),"461,901","441,190","73,224","70,184",2019-02-03 10:31:44
2019-01,7ȣ��,2723,���,"380,729","362,795","90,652","92,994",2019-02-03 10:31:44
2019-01,7ȣ��,2724,�簡��,"391,640","387,249","98,172","97,058",2019-02-03 10:31:44
2019-01,7ȣ��,2725,�븶��,"156,543","142,057","35,613","38,290",2019-02-03 10:31:44
2019-01,7ȣ��,2726,�߰�,"247,484","224,647","62,753","63,505",2019-02-03 10:31:44
2019-01,7ȣ��,2727,����(�ɵ�),"379,876","283,621","82,273","69,241",2019-02-03 10:31:44
2019-01,7ȣ��,2728,��̴����(������),"341,050","332,765","40,738","40,259",2019-02-03 10:31:44
2019-01,7ȣ��,2729,�Ǵ��Ա�,"429,463","462,509","59,256","54,166",2019-02-03 10:31:44
2019-01,7ȣ��,2730,�Ҽ�������,"183,531","175,221","37,416","37,379",2019-02-03 10:31:44
2019-01,7ȣ��,2731,û��,"532,995","623,876","75,498","73,092",2019-02-03 10:31:44
2019-01,7ȣ��,2732,������û,"414,491","464,248","49,264","49,362",2019-02-03 10:31:44
2019-01,7ȣ��,2733,�е�,"605,493","669,069","60,736","57,602",2019-02-03 10:31:44
2019-01,7ȣ��,2734,����,"551,090","612,054","53,375","53,425",2019-02-03 10:31:44
2019-01,7ȣ��,2735,����,"161,316","157,023","34,431","32,417",2019-02-03 10:31:44
2019-01,7ȣ��,2736,����͹̳�,"570,975","468,885","82,867","75,227",2019-02-03 10:31:44
2019-01,7ȣ��,2737,����,"363,822","377,367","67,797","66,878",2019-02-03 10:31:44
2019-01,7ȣ��,2738,�̼�,"439,109","431,646","82,224","78,703",2019-02-03 10:31:44
2019-01,7ȣ��,2739,����,"286,612","262,736","73,598","73,401",2019-02-03 10:31:44
2019-01,7ȣ��,2740,���Ǵ��Ա�(������),"350,189","344,849","62,572","64,159",2019-02-03 10:31:44
2019-01,7ȣ��,2741,��,"271,885","256,237","59,009","56,522",2019-02-03 10:31:44
2019-01,7ȣ��,2742,��¹��,"264,030","254,138","76,345","76,811",2019-02-03 10:31:44
2019-01,7ȣ��,2743,�Ŵ���Ÿ�,"421,756","399,763","98,088","99,238",2019-02-03 10:31:44
2019-01,7ȣ��,2744,�����,"242,722","243,947","47,051","46,305",2019-02-03 10:31:44
2019-01,7ȣ��,2745,��ǳ,"283,897","265,440","67,385","67,472",2019-02-03 10:31:44
2019-01,7ȣ��,2746,�븲(���α�û),"290,072","295,419","38,373","37,061",2019-02-03 10:31:44
2019-01,7ȣ��,2747,������,"438,822","466,546","62,909","63,384",2019-02-03 10:31:44
2019-01,7ȣ��,2748,��������д���,"1,200,693","1,191,942","82,182","77,361",2019-02-03 10:31:44
2019-01,7ȣ��,2749,ö��,"629,391","649,382","101,508","101,762",2019-02-03 10:31:44
2019-01,7ȣ��,2750,�����Ÿ�,"656,538","636,941","156,569","160,065",2019-02-03 10:31:44
2019-01,7ȣ��,2751,õ��,"224,928","204,043","49,186","48,686",2019-02-03 10:31:44
2019-01,7ȣ��,2752,�¼�(����ȸ���Ա�),"269,728","253,933","37,163","36,681",2019-02-03 10:31:44
2019-01,7ȣ��,2753,��ġ��,"195,618","182,252","24,974","25,054",2019-02-03 10:31:44
2019-01,7ȣ��,2754,��õ���տ��,"130,012","106,501","17,234","16,660",2019-02-03 10:31:44
2019-01,7ȣ��,2755,����,"250,016","244,063","30,632","30,195",2019-02-03 10:31:44
2019-01,7ȣ��,2756,���ߵ�,"399,683","395,461","57,421","55,130",2019-02-03 10:31:44
2019-01,7ȣ��,2757,��õ��û,"341,611","343,460","51,722","49,756",2019-02-03 10:31:44
2019-01,7ȣ��,2758,��,"401,090","417,332","51,825","51,965",2019-02-03 10:31:44
2019-01,7ȣ��,2759,���ü����,"135,739","119,472","26,373","25,125",2019-02-03 10:31:44
2019-01,7ȣ��,2760,����õ,"249,917","260,776","36,430","37,145",2019-02-03 10:31:44
2019-01,7ȣ��,2761,����û,"330,328","262,246","31,027","27,512",2019-02-03 10:31:44
2019-01,8ȣ��,2811,�ϻ�,"478,470","414,407","99,780","98,455",2019-02-03 10:31:44
2019-01,8ȣ��,2812,õȣ(ǳ���伺),"482,110","560,223","94,403","86,933",2019-02-03 10:31:44
2019-01,8ȣ��,2813,������û,"264,480","269,595","66,036","66,708",2019-02-03 10:31:44
2019-01,8ȣ��,2814,�����伺(��ȭ�ǹ�),"153,437","163,804","38,289","38,408",2019-02-03 10:31:44
2019-01,8ȣ��,2815,���(���ı�û),"413,415","486,278","71,595","68,215",2019-02-03 10:31:44
2019-01,8ȣ��,2816,����,"198,692","236,680","54,118","58,706",2019-02-03 10:31:44
2019-01,8ȣ��,2817,����,"144,085","143,856","43,655","43,150",2019-02-03 10:31:44
2019-01,8ȣ��,2818,��������,"188,435","228,265","63,539","65,840",2019-02-03 10:31:44
2019-01,8ȣ��,2819,����,"526,918","547,695","55,650","55,591",2019-02-03 10:31:44
2019-01,8ȣ��,2820,����,"505,065","485,384","74,945","71,327",2019-02-03 10:31:44
2019-01,8ȣ��,2821,����,"292,774","238,941","48,071","44,076",2019-02-03 10:31:44
2019-01,8ȣ��,2822,�꼺,"136,393","128,901","33,395","35,788",2019-02-03 10:31:44
2019-01,8ȣ��,2823,���ѻ꼺�Ա�(��������.����û),"336,308","295,457","77,979","74,953",2019-02-03 10:31:44
2019-01,8ȣ��,2824,�ܴ���Ÿ�,"262,050","253,423","69,327","66,722",2019-02-03 10:31:44
2019-01,8ȣ��,2825,����,"102,217","110,447","44,236","46,228",2019-02-03 10:31:44
2019-01,8ȣ��,2826,����,"121,272","109,186","50,492","49,387",2019-02-03 10:31:44
2019-01,8ȣ��,2827,���,"92,614","72,139","54,120","39,575",2019-02-03 10:31:44
2019-01,9ȣ��,4101,��ȭ,"169,271","110,797","35,930","27,430",2019-02-03 10:31:44
2019-01,9ȣ��,4102,��������,"268,159","340,576","21,012","22,720",2019-02-03 10:31:44
2019-01,9ȣ��,4103,���׽���,"65,907","75,438","21,652","24,306",2019-02-03 10:31:44
2019-01,9ȣ��,4104,�Ź�ȭ,"178,187","173,429","43,282","43,322",2019-02-03 10:31:44
2019-01,9ȣ��,4105,�����,"261,506","257,586","22,246","22,293",2019-02-03 10:31:44
2019-01,9ȣ��,4106,��õ�ⱳ,"216,273","220,728","42,628","41,972",2019-02-03 10:31:44
2019-01,9ȣ��,4107,����,"506,045","487,879","125,108","121,141",2019-02-03 10:31:44
2019-01,9ȣ��,4108,����,"172,552","175,833","42,953","43,663",2019-02-03 10:31:44
2019-01,9ȣ��,4109,����,"235,166","236,756","80,121","80,685",2019-02-03 10:31:44
2019-01,9ȣ��,4110,��â,"442,095","426,641","66,057","65,433",2019-02-03 10:31:44
2019-01,9ȣ��,4111,�Ÿ�,"100,971","88,880","18,519","17,277",2019-02-03 10:31:44
2019-01,9ȣ��,4112,������,"184,101","180,644","25,486","24,685",2019-02-03 10:31:44
2019-01,9ȣ��,4113,���,"503,716","489,145","67,667","63,128",2019-02-03 10:31:44
2019-01,9ȣ��,4114,��ȸ�ǻ��,"432,110","428,086","54,157","46,794",2019-02-03 10:31:44
2019-01,9ȣ��,4115,���ǵ�,"605,162","596,361","44,306","41,096",2019-02-03 10:31:44
2019-01,9ȣ��,4116,����,"130,709","135,230","27,307","27,254",2019-02-03 10:31:44
2019-01,9ȣ��,4117,�뷮��,"809,737","845,116","96,158","97,812",2019-02-03 10:31:44
2019-01,9ȣ��,4118,���,"108,438","92,267","32,103","30,095",2019-02-03 10:31:44
2019-01,9ȣ��,4119,�漮(�߾Ӵ��Ա�),"214,559","224,713","56,278","58,197",2019-02-03 10:31:44
2019-01,9ȣ��,4120,����(�����),"44,466","32,426","13,400","11,585",2019-02-03 10:31:44
2019-01,9ȣ��,4121,������,"72,639","77,493","25,160","25,714",2019-02-03 10:31:44
2019-01,9ȣ��,4122,�Ź���,"68,729","69,838","21,393","22,085",2019-02-03 10:31:44
2019-01,9ȣ��,4123,����͹̳�,"341,832","554,030","51,496","61,919",2019-02-03 10:31:44
2019-01,9ȣ��,4124,����,"75,728","73,217","16,687","16,793",2019-02-03 10:31:44
2019-01,9ȣ��,4125,�ų���,"965,930","995,451","57,013","54,557",2019-02-03 10:31:44
2019-01,����ö�� 1ȣ��,4201,���￪,"361,418","297,358","34,330","31,219",2019-02-03 10:31:44
2019-01,����ö�� 1ȣ��,4202,����,"62,886","84,969","7,191","8,384",2019-02-03 10:31:44
2019-01,����ö�� 1ȣ��,4203,ȫ���Ա�,"336,328","335,507","17,545","17,112",2019-02-03 10:31:44
2019-01,����ö�� 1ȣ��,4204,�����й̵���Ƽ,"364,334","319,490","23,367","22,022",2019-02-03 10:31:44
2019-01,����ö�� 1ȣ��,4206,�����,"133,488","119,389","8,060","8,192",2019-02-03 10:31:44
2019-01,����ö�� 1ȣ��,4207,��������,"300,654","196,229","18,640","14,332",2019-02-03 10:31:44
2019-01,����ö�� 1ȣ��,4208,���,"299,093","275,349","29,832","28,898",2019-02-03 10:31:44
2019-01,����ö�� 1ȣ��,4209,�˾�,"234,050","225,849","18,332","17,974",2019-02-03 10:31:44
2019-01,����ö�� 1ȣ��,4210,û��������,"174,320","164,483","9,921","9,676",2019-02-03 10:31:44
2019-01,����ö�� 1ȣ��,4211,�,"181,510","187,995","22,540","22,223",2019-02-03 10:31:44
2019-01,����ö�� 1ȣ��,4212,����ȭ��û��,"66,328","77,391","8,364","8,128",2019-02-03 10:31:44
2019-01,����ö�� 1ȣ��,4213,��õ����1�͹̳�,"442,059","448,913","32,280","30,925",2019-02-03 10:31:44
2019-01,����ö�� 1ȣ��,4215,��õ����2�͹̳�,"156,879","139,212","15,720","14,308",2019-02-03 10:31:44
2019-01,����ö�� 1ȣ��,4217,����,"56,266","56,533","14,101","14,391",2019-02-03 10:31:44
2019-01,9ȣ��2~3�ܰ�,4126,����,"252,387","250,373","27,918","26,982",2019-02-03 10:31:44
2019-01,9ȣ��2~3�ܰ�,4127,������,"227,032","244,880","22,287","22,837",2019-02-03 10:31:44
2019-01,9ȣ��2~3�ܰ�,4128,�Ｚ�߾�,"151,060","155,520","23,091","22,945",2019-02-03 10:31:44
2019-01,9ȣ��2~3�ܰ�,4129,������,"458,359","451,178","47,044","44,944",2019-02-03 10:31:44
2019-01,9ȣ��2~3�ܰ�,4130,���տ��,"123,363","110,135","16,937","14,810",2019-02-03 10:31:44
2019-01,9ȣ��2~3�ܰ�,4131,����,"115,510","113,979","27,484","26,938",2019-02-03 10:31:44
2019-01,9ȣ��2~3�ܰ�,4132,���̰��,"97,684","98,527","26,503","25,808",2019-02-03 10:31:44
2019-01,9ȣ��2~3�ܰ�,4133,����,"134,697","99,683","24,074","18,577",2019-02-03 10:31:44
2019-01,9ȣ��2~3�ܰ�,4134,���ĳ���,"78,484","81,312","20,228","20,157",2019-02-03 10:31:44
2019-01,9ȣ��2~3�ܰ�,4135,�Ѽ�����,"45,622","39,639","10,769","9,318",2019-02-03 10:31:44
2019-01,9ȣ��2~3�ܰ�,4136,�ø��Ȱ���(�ѱ�ü��),"155,506","154,127","14,235","14,305",2019-02-03 10:31:44
2019-01,9ȣ��2~3�ܰ�,4137,���̿���,"16,917","16,995","5,226","4,987",2019-02-03 10:31:44
2019-01,9ȣ��2~3�ܰ�,4138,�߾Ӻ��ƺ���,"126,493","113,313","57,402","58,027",2019-02-03 10:31:44
2019-01,���̽ż���,4701,���ѻ����,"48,522","39,613","32,154","32,256",2019-02-03 10:31:44
2019-01,���̽ż���,4702,�ֹ����,"44,120","40,598","25,998","26,357",2019-02-03 10:31:44
2019-01,���̽ż���,4703,4.19���ֹ���,"49,789","48,250","28,647","26,730",2019-02-03 10:31:44
2019-01,���̽ż���,4704,������,"77,993","73,611","44,978","46,677",2019-02-03 10:31:44
2019-01,���̽ż���,4705,ȭ��,"59,426","52,190","39,531","41,027",2019-02-03 10:31:44
2019-01,���̽ż���,4706,���,"35,022","36,823","25,791","28,584",2019-02-03 10:31:44
2019-01,���̽ż���,4707,����Ÿ�,"37,572","38,401","35,436","36,998",2019-02-03 10:31:44
2019-01,���̽ż���,4708,�ֻ�,"133,044","118,786","34,119","34,990",2019-02-03 10:31:44
2019-01,���̽ż���,4709,���ѻ꺸����,"131,839","117,790","40,396","40,629",2019-02-03 10:31:44
2019-01,���̽ż���,4710,����,"83,527","73,090","43,457","41,092",2019-02-03 10:31:44
2019-01,���̽ż���,4711,���ſ����Ա�(����),"77,040","89,799","31,555","29,648",2019-02-03 10:31:44
2019-01,���̽ż���,4712,����,"31,502","32,724","15,900","16,109",2019-02-03 10:31:44
2019-01,���̽ż���,4713,�ż���,"37,248","40,743","19,037","17,418",2019-02-03 10:31:44
